origin,destination,fwlf
PMO,FCO,0.7175925925925926
FCO,FRA,0.7510810511143142
FCO,PMO,0.7312741312741313
FRA,FCO,0.7011671438009249
