primary_channel,bookings,cancels,cancel_rate
travel agency,3535,198,0.056011315417256013
condor app,3473,175,0.05038871292830406
mobile app,3376,152,0.045023696682464455
condor website,3327,177,0.05320108205590622
call center,3289,161,0.04895104895104895
