flight_dow,bookings,cancel_count,cancel_rate
Monday,2775,153,0.055135135135135134
Tuesday,0,0,
Wednesday,2966,142,0.04787592717464599
Thursday,2690,123,0.045724907063197026
Friday,2616,140,0.053516819571865444
Saturday,2960,148,0.05
Sunday,2993,157,0.05245573003675242
