origin,destination,load_factor,load_factor_rev,lf_diff_vs_reverse
FCO,FRA,0.7514183681504242,0.7020420153050302,0.04937635284539399
FCO,PMO,0.7316360060325459,0.7180031203160157,0.013632885716530208
PMO,FCO,0.7180031203160157,0.7316360060325459,-0.013632885716530208
FRA,FCO,0.7020420153050302,0.7514183681504242,-0.04937635284539399
