dow,avg_load_factor
Monday,0.7004927094718678
Tuesday,
Wednesday,0.7231454624809837
Thursday,0.7496705858316348
Friday,0.7167436908031343
Saturday,0.7279009877176561
Sunday,0.7383474419266096
