timeofday,avg_load_factor
Afternoon,0.7211052113885116
Evening,0.7220264970004407
Morning,0.7370463187461823
