dow,FWLF,PACS_€/seat,CALF
Friday,0.7164819449410083,30.58205424223754,0.6917799086297978
Monday,0.6996455043506284,28.370107511810883,0.6758387752976631
Saturday,0.7274316592498411,31.57930338332885,0.7043260373096226
Sunday,0.7381027918781726,34.30769235232813,0.7134967409600528
Thursday,0.7489224137931034,33.77093243963098,0.7276376901942919
Tuesday,,,
Wednesday,0.7221868026777175,30.52712651398694,0.7004609876250968
